Abathur,base
AngelThump,base
ASLAN,base
AYYYLMAO,base
BasedGod,base
BASEDWATM8,base
BERN,base
BibleThump,base
CallCatz,base
CallChad,base
CheekerZ,base
DaFeels,base
DAFUK,base
DANKMEMES,base
DappaKappa,base
DatGeoff,base
DestiSenpaii,base
Disgustiny,base
DJAslan,base
Dravewin,base
DuckerZ,base
DURRSTINY,base
FeedNathan,base
FerretLOL,base
FIDGETLOL,base
FrankerZ,base
GameOfThrows,base
Heimerdonger,base
Hhhehhehe,base
INFESTINY,base
Kappa,base
KappaRoss,base
Klappa,base
LeRuse,base
LIES,base
LUL,base
MASTERB8,base
Memegasm,base
MLADY,base
MotherFuckinGame,base
Nappa,base
NoTears,base
NOTMYTEMPO,base
OhKrappa,base
OverRustle,base
PEPE,base
PICNIC,base
Sippy,base
SLEEPSTINY,base
SoDoge,base
SoSad,base
SOTRIGGERED,base
SpookerZ,base
SURPRISE,base
SWEATSTINY,base
TooSpicy,base
TRUMPED,base
UWOTM8,base
WEEWOO,base
WhoahDude,base
WORTH,base
YEE,base
nathanDad,twitch
nathanDank,twitch
nathanDubs1,twitch
nathanDubs2,twitch
nathanDubs3,twitch
nathanFather,twitch
nathanFeels,twitch
nathanParty,twitch
Keepo,cancer
kaceyFace,cancer
EleGiggle,cancer
DatSheffy,cancer
Kreygasm,cancer
lirikThump,cancer
WinWaker,cancer
SwiftRage,cancer
SSSsss,cancer
SMOrc,cancer
ResidentSleeper,cancer
PogChamp,cancer
PJSalt,cancer
OpieOP,cancer
dayJoy,cancer
DansGame,cancer
D:,cancer
BabyRage,cancer
AlisherZ,cancer
4Head,cancer
WEOW,cancer
TopCake,cancer
SuccesS,cancer
SourPls,cancer
ShibeZ,cancer
SephURR,cancer
Riperino,cancer
RaveDoge,cancer
ITSRAWWW,cancer
GabeN,cancer
DSPstiny,cancer
CUX,cancer
CORAL,cancer
ChibiDesti,cancer
CallHafu,cancer
NiceMeMe,cancer
Jewstiny,cancer
HerbPerve,cancer
Depresstiny,cancer
ChanChamp,cancer
CARBUCKS,cancer
BrainSlug,cancer
